01;Faith No More
01;Fear Factory
01;Nine Inch Nails
01;Primus
01;Rammstein
01;Trivium
01;X JAPAN
02;A Flock of Seagulls
02;Bauhaus
02;Björk
02;CHVRCHΞS
02;Depeche Mode
02;Duran Duran
02;Eurythmics
02;Fever Ray
02;Gary Numan
02;Japan
02;Kate Bush
02;Kraftwerk
02;LCD Soundsystem
02;La Femme
02;Lorde
02;Metronomy
02;New Order
02;New York Dolls
02;Orchestral Manoeuvres in the Dark
02;Passion Pit
02;Perfume Genius
02;Pet Shop Boys
02;Simple Minds
02;Soft Cell
02;Sparks
02;St. Vincent
02;Talk Talk
02;Tears for Fears
02;The Human League
02;The Knife
02;Ultravox
02;Weyes Blood
03;billwurtz
04;Agalloch
04;Alcest
04;Amesoeurs
04;Enslaved
04;Immortal
04;Les Discrets
04;Les Discrets _ Alcest
04;Summoning
04;Ulver
05;Blur
05;Doves
05;James
05;Manic Street Preachers
05;Oasis
05;Placebo
05;Pulp
05;Suede
05;The Verve
05;Travis
06;Chilly Gonzales
06;Dustin O'Halloran
06;Dustin O’Halloran
06;Giovanni Allevi
06;Gonzales
06;Kiasmos
06;Penguin Cafe Orchestra
06;Peter Broderick
06;Rob Costlow
06;Wim Mertens
06;Yann Tiersen
06;Ólafur Arnalds
07;Amon Amarth
07;Amorphis
07;At the Gates
07;Be'lakor
07;Before the Dawn
07;Children of Bodom
07;Cormorant
07;Dark Tranquillity
07;Die Apokalyptischen Reiter
07;Disillusion
07;Edge of Sanity
07;Ensiferum
07;Ghost Brigade
07;Hypocrisy
07;In Flames
07;In Mourning
07;Insomnium
07;Norther
07;Noumena
07;Omnium Gatherum
07;Scar Symmetry
07;Wintersun
07;myGRAIN
08;Anathema
08;Catamenia
08;Katatonia
08;Moonspell
08;Paradise Lost
08;Sentenced
08;The Gathering
08;Tiamat
09;Aes Dana
09;Air
09;Aphex Twin
09;Boards of Canada
09;Bonobo
09;Carbon Based Lifeforms
09;Dan Deacon
09;Fuck Buttons
09;General Elektriks
09;Gorillaz
09;Grouper
09;James Blake
09;Jon Hopkins
09;Lemon Jelly
09;M83
09;Nouvelle Vague
09;Ratatat
09;Rone
09;Superpoze
09;Sébastien Tellier
09;The Avalanches
09;Todd Terje
09;Tycho
09;Zero 7
10;A.A.L.
10;Breakbot
10;Daft Punk
10;Justice
10;L'Impératrice
10;L’Impératrice
10;Paradis
11;Billie Eilish
11;CHVRCHES
11;Carly Rae Jepsen
11;Charli XCX
11;Dua Lipa
11;Jamie xx
11;Katy Perry
11;Kero Kero Bonito
11;Kylie Minogue
11;M.I.A_
11;MGMT
11;Robyn
11;SOPHIE
11;Taylor Swift
11;Wonder Girls
11;YELLE
11;이달의 소녀 오드아이써클
12;Aufgang
12;Global Communication
12;GoGo Penguin
12;Jamiroquai
12;The Chemical Brothers
12;The Cinematic Orchestra
12;The Field
12;The Orb
13;10cc
13;4 Non Blondes
13;ABBA
13;Al Stewart
13;Alanis Morissette
13;Asia
13;Bee Gees
13;Ben Folds
13;Big Country
13;Big Star
13;Billy Joel
13;Blondie
13;Blue Öyster Cult
13;Bob Dylan
13;Boston
13;Brian Eno
13;Bruce Springsteen
13;Bryan Adams
13;Bryan Ferry
13;Buffalo Springfield
13;Carole King
13;Cat Stevens
13;Cheap Trick
13;Chicago
13;Crowded House
13;Cyndi Lauper
13;David Bowie
13;Derek and the Dominos
13;Dire Straits
13;Donald Fagen
13;Donovan
13;Dusty Springfield
13;Eagles
13;Elton John
13;Eric Clapton
13;Flamin’ Groovies
13;Fleetwood Mac
13;Foreigner
13;Franco Battiato
13;Gene Clark
13;George Harrison
13;Glen Campbell
13;Graham Nash
13;Harry Nilsson
13;Iggy Pop
13;Imogen Heap
13;Jackson Browne
13;John Cale
13;John Lennon
13;John Mayer
13;Johnny Cash
13;Joni Mitchell
13;Journey
13;Laurie Anderson
13;Leonard Cohen
13;Lou Reed
13;Marty Robbins
13;Men at Work
13;Michael Jackson
13;Midnight Oil
13;Murray Head
13;Neil Young
13;Neil Young & Crazy Horse
13;Nick Drake
13;Nits
13;Paul McCartney
13;Paul Simon
13;Peter Gabriel
13;Peter Gabriel & Kate Bush
13;Phil Collins
13;Prefab Sprout
13;Queen
13;Randy Newman
13;Ringo Starr
13;Roxy Music
13;Santana
13;Scott Walker
13;Simon & Garfunkel
13;Sinéad O'Connor
13;Status Quo
13;Steely Dan
13;Stephen Stills
13;Steve Winwood
13;Stevie Nicks
13;Sting
13;Styx
13;Supertramp
13;Suzanne Vega
13;T. Rex
13;The Animals
13;The Band
13;The Beach Boys
13;The Beatles
13;The Byrds
13;The Doors
13;The High Llamas
13;The Kinks
13;The Monkees
13;The Pogues
13;The Police
13;The Pretenders
13;The Roches
13;The Rolling Stones
13;The Velvet Underground
13;The Walker Brothers
13;The Waterboys
13;The Who
13;Tom Petty
13;Tom Petty and the Heartbreakers
13;Tom Waits
13;Tori Amos
13;Toto
13;Townes Van Zandt
13;Van Morrison
13;Vashti Bunyan
13;Warren Zevon
14;Asylum Party
14;Brel, Brassens, Ferré
14;Charles Aznavour
14;Claude Nougaro
14;Daniel Balavoine
14;Dogs
14;Exsonvaldes
14;Feu! Chatterton
14;France Gall
14;Francis Cabrel
14;Georges Brassens
14;Indochine
14;Jacqueline Taïeb
14;Jacques Brel
14;Jacques Dutronc
14;Jacques Higelin
14;Jean-Jacques Goldman
14;Jean-Luc Ponty
14;Joe Dassin
14;Johnny Hallyday
14;Juniore
14;Lizzy Mercier Descloux
14;Louis-Jean Cormier
14;Maxime Le Forestier
14;Michel Berger
14;Michel Fugain
14;Nino Ferrer
14;Noir Désir
14;Poom
14;Renaud
14;Ruth
14;Serge Fiori-Richard Séguin
14;Serge Gainsbourg
15;Alice in Chains
15;Soundgarden
16;Andy McKee
16;Buckethead
16;Chet Atkins
16;Eric Johnson
16;Joe Satriani
16;John Petrucci
16;Paul Gilbert
16;Racer X
16;Van Larkins
17;AC_DC
17;Black Sabbath
17;Canned Heat
17;Deep Purple
17;Dio
17;Grave Digger
17;Guns N' Roses
17;Iron Maiden
17;Judas Priest
17;King Diamond
17;Led Zeppelin
17;Mercyful Fate
17;Michael Schenker Group
17;Queensrÿche
17;Rainbow
17;Running Wild
17;Scorpions
17;Twisted Sister
17;UFO
17;Van Halen
17;Volbeat
17;W.A.S.P_
18;2Pac
18;A Tribe Called Quest
18;Akhenaton
18;Beastie Boys
18;Deltron 3030
18;Eminem
18;Gang Starr
18;IAM
18;Ice Cube
18;JAY Z & Kanye West
18;Kanye West
18;Kendrick Lamar
18;Little Simz
18;MC Solaar
18;MF DOOM
18;Mobb Deep
18;Nas
18;Noname
18;Oxmo Puccino
18;Showbiz & A.G_
18;The Notorious B.I.G_
18;Warren G
18;Wu-Tang Clan
19;16 Horsepower
19;Adrianne Lenker
19;Aimee Mann
19;Aldous Harding
19;Andrew Bird
19;Animal Collective
19;Beach House
19;Beth Orton
19;Bill Callahan
19;Bon Iver
19;Cass McCombs
19;Casualties of Cool
19;Chad VanGaalen
19;EELS
19;Eels
19;Elliott Smith
19;Fiona Apple
19;Joanna Newsom
19;Kacey Musgraves
19;Kings of Convenience
19;Laura Nyro
19;Lianne La Havas
19;Lucinda Williams
19;Lunatic Soul
19;M. Ward
19;Midlake
19;Mount Eerie
19;Neko Case
19;Panda Bear
19;Phoebe Bridgers
19;Rome
19;Rufus Wainwright
19;Sharon Van Etten
19;Shugo Tokumaru
19;Sufjan Stevens
19;Syd Matters
19;The Mountain Goats
20;(Sandy) Alex G
20;...And You Will Know Us by the Trail of Dead
20;Alex G
20;Allo Darlin’
20;Alvvays
20;American Football
20;Arcade Fire
20;Ariel Pink's Haunted Graffiti
20;Bat for Lashes
20;Battles
20;Beach Bunny
20;Beat Happening
20;Beck
20;Belle and Sebastian
20;Beulah
20;Big Thief
20;Bombay Bicycle Club
20;Brand New
20;Broadcast
20;Broken Social Scene
20;Built to Spill
20;CAKE
20;Camera Obscura
20;Cap’n Jazz
20;Car Seat Headrest
20;Caroline Polachek
20;Cat Power
20;Chapterhouse
20;Charly Bliss
20;Cloud Nothings
20;Cocteau Twins
20;Concrete Blonde
20;Daughter
20;Death Cab for Cutie
20;Deerhoof
20;Deerhunter
20;Dinosaur Jr_
20;Django Django
20;Editors
20;Elbow
20;Electrelane
20;Everything Everything
20;Everything but the Girl
20;Fantomes
20;Fazerdaze
20;Fleet Foxes
20;Foals
20;Galaxie 500
20;Ginger Root
20;Girls
20;Grandaddy
20;Gravenhurst
20;Guided by Voices
20;Guillemots
20;Gustavo Cerati
20;Hard Girls
20;Hatchie
20;Have a Nice Life
20;Hoodoo Gurus
20;Hop Along
20;Hot Chip
20;IDLES
20;Interpol
20;Japandroids
20;Japanese Breakfast
20;Jellyfish
20;Jim O'Rourke
20;Jim O’Rourke
20;Julia Holter
20;Julian Cope
20;Kasabian
20;Kings of Leon
20;Kurt Vile
20;Le Tigre
20;Life Without Buildings
20;Los Campesinos!
20;Mac DeMarco
20;Makthaverskan
20;Mansun
20;Mazzy Star
20;Medicine
20;Mercury Rev
20;Metric
20;Mew
20;Mitski
20;Modern Baseball
20;Modest Mouse
20;Morrissey
20;My Bloody Valentine
20;My Morning Jacket
20;Origami Angel
20;Owen Pallett
20;PJ Harvey
20;Parquet Courts
20;Pavement
20;Peter Bjorn and John
20;Phoenix
20;Pinback
20;Pixies
20;Pond
20;Portugal. The Man
20;Primal Scream
20;Purple Mountains
20;R.E.M_
20;Radiohead
20;Real Estate
20;Ride
20;Rilo Kiley
20;Robyn Hitchcock
20;Robyn Hitchcock and the Egyptians
20;Rolling Blackouts Coastal Fever
20;SLEEP RADIO
20;Sebadoh
20;Silver Jews
20;Silversun Pickups
20;Sleater-Kinney
20;Slowdive
20;Smog
20;Soccer Mommy
20;Soda Stereo
20;Sonic Youth
20;Sparklehorse
20;Spiritualized
20;Spoon
20;Stephen Malkmus
20;Stephen Malkmus and the Jicks
20;Stereolab
20;Sugar
20;Sunny Day Real Estate
20;Super Furry Animals
20;Sweet Trip
20;TV on the Radio
20;Tame Impala
20;Ted Leo and the Pharmacists
20;Teenage Fanclub
20;The Antlers
20;The Apples in Stereo
20;The Bats
20;The Beta Band
20;The Beths
20;The Brave Little Abacus
20;The Breeders
20;The Cardigans
20;The Chills
20;The Clientele
20;The Dandy Warhols
20;The Dismemberment Plan
20;The Feelies
20;The Field Mice
20;The Fiery Furnaces
20;The Flaming Lips
20;The Go! Team
20;The Go-Betweens
20;The Halo Benders
20;The Jesus and Mary Chain
20;The La's
20;The Lemonheads
20;The Magnetic Fields
20;The Microphones
20;The National
20;The New Pornographers
20;The Notwist
20;The Olivia Tremor Control
20;The Pains of Being Pure at Heart
20;The Postal Service
20;The Radio Dept_
20;The Replacements
20;The Shins
20;The Smashing Pumpkins
20;The Smiths
20;The Soft Boys
20;The Stone Roses
20;The Strokes
20;The Sundays
20;The Teardrop Explodes
20;The Temper Trap
20;The Walkmen
20;The War on Drugs
20;The Wedding Present
20;The Wrens
20;They Might Be Giants
20;Thinking Fellers Union Local 282
20;Third Eye Blind
20;Three Mile Pilot
20;Throwing Muses
20;Tindersticks
20;Turnover
20;Unknown Mortal Orchestra
20;Vampire Weekend
20;Violent Femmes
20;WHY_
20;Washed Out
20;Ween
20;Weezer
20;Wilco
20;Wild Nothing
20;Wintersleep
20;Xiu Xiu
20;Yeah Yeah Yeahs
20;Yo La Tengo
20;Yuck
20;Yves Tumor
20;alt-J
20;dEUS
20;glass beach
20;of Montreal
20;神聖かまってちゃん
21;Ahmad Jamal
21;Ahmad Jamal Trio
21;Art Blakey & The Jazz Messengers
21;Art Blakey & The Jazz Messengers with Thelonious Monk
21;Bill Evans
21;Bill Evans Trio
21;Billie Holiday
21;Cannonball Adderley
21;Charles Lloyd
21;Charles Mingus
21;Chick Corea
21;Clifford Brown & Max Roach
21;Dave Brubeck
21;Dexter Gordon
21;Donald Byrd
21;Freddie Hubbard
21;Hank Mobley
21;Herbie Hancock
21;Jimmy Smith
21;Joe Henderson
21;John Coltrane
21;Keith Jarrett
21;Keith Jarrett Trio
21;Kenny Burrell
21;Kenny Dorham
21;Lee Morgan
21;Max Roach & Clifford Brown
21;McCoy Tyner
21;Miles Davis
21;Miles Davis Quintet
21;Oliver Nelson
21;Ornette Coleman
21;Oscar Peterson
21;Oscar Peterson Trio
21;Pharoah Sanders
21;Sonny Clark
21;Sonny Clark Trio
21;Sonny Rollins
21;Sun Ra
21;The Clifford Brown–Max Roach Quintet
21;The Dave Brubeck Quartet
21;The Horace Silver Quintet
21;The Horace Silver Quintet & The Horace Silver Trio
21;The Oscar Peterson Trio with Milt Jackson
21;Thelonious Monk
21;Wayne Shorter
21;Yusef Lateef
22;Avishai Cohen
22;Avishai Cohen Trio
22;Avishai Cohen with Nitai Hershkovits
22;Florian Pellissier Quintet
22;Francesco Bearzatti
22;Francesco Bearzatti Tinissima 4et
22;George Duke
22;Ibrahim Maalouf
22;Jaco Pastorius
22;Joshua Redman
22;Joshua Redman, Brad Mehldau, Christian McBride, Brian Blade
22;Mahavishnu Orchestra
22;Metropole Orkest and Snarky Puppy
22;Nik Bärtsch's Ronin
22;Pat Metheny
22;Pat Metheny Group
22;Rahsaan Roland Kirk
22;Robert Glasper
22;Robert Glasper Experiment
22;Roy Hargrove
22;Snarky Puppy
22;The Bad Plus
22;The Comet Is Coming
22;Tord Gustavsen Quartet
22;Tord Gustavsen Trio
22;Weather Report
22;Youn Sun Nah
23;Abdullah Ibrahim
23;Alex Guilbert Trio
23;Baptiste Trotignon
23;Baptiste Trotignon, Minino Garay
23;Brad Mehldau
23;Brad Mehldau & Mark Guiliana
23;Brad Mehldau Trio
23;Bud Powell
23;Chris Thile
23;Chris Thile & Brad Mehldau
23;Esbjörn Svensson Trio
23;Fœhn Trio
23;Hiromi
23;Jan Johansson
23;Joey Alexander
23;Lynne Arriale
23;Lynne Arriale Trio
23;Michel Petrucciani
23;Nik Bärtsch's Mobile
23;Red Garland
23;Shai Maestro
23;Shai Maestro Trio
23;Triosence
23;Vince Guaraldi
23;Vince Guaraldi Trio
23;Wynton Kelly
23;Yaron Herman Trio
23;山中千尋
24;Animals as Leaders
24;Between the Buried and Me
24;Devin Townsend
24;Devin Townsend Project
24;Dream Theater
24;Gojira
24;Leprous
24;Mastodon
24;Meshuggah
24;Myrath
24;Opeth
24;Orphaned Land
24;Primordial
24;Symphony X
24;The Devin Townsend Band
24;Thy Catafalque
24;Tool
26;Bob B. Soxx & The Blue Jeans
26;Phil Spector
28;Angelo Badalamenti
28;Blues Brothers
28;Calum Bowen
28;Christopher Larkin
28;Compilations
28;Disasterpeace
28;Jerry Martin
28;Jon Brion
28;Lena Raine
28;Mai Yamane
28;Monty Python
28;New York musicians
28;Portsmouth Sinfonia
28;Sven Libaek
28;Sven Libæk
28;Toby Fox
28;Various Artists
28;久石譲
28;坂本龍一
29;10,000 Maniacs
29;Bruno Mars
29;Coldplay
29;Gotye
29;Imagine Dragons
29;Jimmy Eat World
29;Keane
29;Linkin Park
29;Queens of the Stone Age
29;Red Hot Chili Peppers
29;Smash Mouth
29;Snow Patrol
29;U2
29;Wir sind Helden
29;Wolfmother
29;Yellowcard
30;Cult of Luna
30;Cult of Luna & Julie Christmas
30;Hypno5e
30;Isis
30;Neurosis
31;Aksak Maboul
31;Black Country, New Road
31;Buzzcocks
31;CCCP Fedeli alla linea
31;Cardiacs
31;Cleaners From Venus
31;Clinic
31;DEVO
31;David Byrne
31;Echo & The Bunnymen
31;Elvis Costello
31;Felt
31;Fontaines D.C_
31;Gang of Four
31;Joe Jackson
31;Joy Division
31;Killing Joke
31;Klaus Mitffoch
31;Magazine
31;Mission of Burma
31;My Dad Is Dead
31;Nick Cave & The Bad Seeds
31;Nick Lowe
31;Protomartyr
31;Public Image Ltd.
31;Sad Lovers and Giants
31;Second Layer
31;Siekiera
31;Siouxsie and the Banshees
31;Squeeze
31;Squid
31;Talking Heads
31;Television
31;The B‐52s
31;The Cars
31;The Chameleons
31;The Church
31;The Cure
31;The Fall
31;The Psychedelic Furs
31;The Sisters of Mercy
31;The Sound
31;The Stranglers
31;The The
31;This Heat
31;Tuxedomoon
31;Viagra Boys
31;Wipers
31;Wire
31;Wolf Alice
31;shame
31;Кино
31;Молчат Дома
32;65daysofstatic
32;Caspian
32;Do Make Say Think
32;Explosions in the Sky
32;Flying Saucer Attack
32;Gastr del Sol
32;God Is an Astronaut
32;Labradford
32;Maybeshewill
32;Mogwai
32;Sigur Rós
32;Slint
32;The Album Leaf
32;The Sea and Cake
32;This Will Destroy You
32;Tortoise
32;World's End Girlfriend
32;múm
32;toe
33;Alestorm
33;Avantasia
33;Blind Guardian
33;Edguy
33;Gamma Ray
33;Haggard
33;HammerFall
33;Helloween
33;Nightwish
33;Sonata Arctica
33;Stratovarius
34;At the Drive-In
34;Cave In
34;Dead Kennedys
34;Drive Like Jehu
34;Fugazi
34;Hüsker Dü
34;Ramones
34;Sex Pistols
34;The Armed
34;The Clash
34;Thrice
34;Unwound
34;mewithoutYou
35;Angels & Airwaves
35;Die Ärzte
35;Green Day
35;Jeff Rosenstock
35;Madness
35;My Chemical Romance
35;NOFX
35;Operation Ivy
35;Rise Against
35;Streetlight Manifesto
35;Sum 41
35;The Offspring
35;The Specials
35;blink-182
36;Blood Orange
36;Childish Gambino
36;Estelle
36;FKA twigs
36;Frank Ocean
36;Gnarls Barkley
36;Grimes
36;Jamila Woods
36;Janelle Monáe
36;Kelela
36;Mac Miller
36;Rhye
36;Solange
36;The Weeknd
37;Bob Marley & The Wailers
38;Camel
38;Can
38;Caravan
38;Cluster
38;Electric Light Orchestra
38;Emerson, Lake & Palmer
38;Faust
38;Focus
38;Frank Zappa
38;Genesis
38;Gentle Giant
38;Jethro Tull
38;Kansas
38;King Crimson
38;Moondog
38;Pink Floyd
38;Premiata Forneria Marconi
38;Rick Wakeman
38;Robert Wyatt
38;Rush
38;The Alan Parsons Project
38;Yes
39;Blackfield
39;Frost_
39;Lazuli
39;Marillion
39;Oceansize
39;Porcupine Tree
39;Steven Wilson
39;dredg
40;Grateful Dead
40;Jefferson Airplane
40;Jimi Hendrix
40;King Gizzard & The Lizard Wizard
40;Love
40;Syd Barrett
40;The Jimi Hendrix Experience
41;Duster
41;Low
41;Mark Kozelek & Jimmy LaValle
41;Red House Painters
41;Sun Kil Moon
42;Al Green
42;Al Jarreau
42;Allen Toussaint
42;Aretha Franklin
42;Bill Withers
42;Chic
42;Cortex
42;Curtis Harding
42;Curtis Mayfield
42;D'Angelo
42;Dionne Warwick
42;Donna Summer
42;Donny Hathaway
42;Earth, Wind & Fire
42;Ebo Taylor
42;George Benson
42;Grover Washington, Jr_
42;Janet Jackson
42;Jessie Ware
42;Lee Fields & The Expressions
42;Marvin Gaye
42;Minnie Riperton
42;Nina Simone
42;Prince
42;Roseaux
42;Roy Ayers Ubiquity
42;Sade
42;Sam & Dave
42;Sister Sledge
42;Stevie Wonder
42;Terry Callier
42;The Four Tops
42;The Righteous Brothers
42;The Ronettes
42;The Supremes
42;Vaudou Game
42;William Onyeabor
43;Archive
43;Massive Attack
43;Mocky
43;Nujabes
43;Portishead
44;Ali Farka Touré and Ry Cooder
44;Amadou & Mariam
44;Ana Frango Elétrico
44;Buena Vista Social Club
44;Chico Buarque
44;Chico Hamilton
44;Enya
44;Habib Koité & Eric Bibb
44;Milton Nascimento
44;Milton Nascimento & Lô Borges
44;Stan Getz, João Gilberto feat. Antônio Carlos Jobim
45;Andy Partridge
45;TC & I
45;The Dukes Of Stratosphear
45;The Dukes of Stratosphear
45;XTC
48;Anthrax
48;Bolt Thrower
48;Death
48;Entombed
48;Machine Head
48;Megadeth
48;Metallica
48;Morbid Angel
48;Pantera
48;Pestilence
48;Slayer
48;Unleashed
33;Therion
17;KISS
34;Converge
19;Heatmiser
02;Drab Majesty
46;The Beatles
31;XTC
46;Paul McCartney
46;John Lennon
46;Ringo Starr
46;George Harrison
13;801
34;The Damned
13;Jackson C. Frank
38;Van der Graaf Generator
02;TR_ST
34;X
13;John Martyn
38;Mike Oldfield
29;The Black Keys
11;Magdalena Bay
13;Boney M_
39;Fair to Midland
23;Thomas Enhco
19;Spinvis
23;Lars Jansson Trio
28;Neil Cicierega
13;The Doobie Brothers
23;Jacob Karlzon 3
01;Unheilig
24;Textures
01;Deftones
20;Cornelius
31;Brian Eno & David Byrne
20;The House of Love
06;Ludovico Einaudi
48;Annihilator
20;The Spirit of the Beehive
20;12 Rods
20;Courtney Barnett
20;Cursive
06;Daniel Hope
19;Destroyer
28;Ronald Jenkees
20;The Besnard Lakes
20;The Hotelier
24;Gorod
34;Polvo
01;White Zombie
20;파란노을
20;Indigo De Souza
01;Rob Zombie
22;KOKOROKO
20;The Voidz
24;Cynic
07;Arch Enemy
32;Jesu
31;Nick Cave & the Bad Seeds
31;Swans
14;Édith Piaf
38;Aquaserge
24;Moonsorrow
34;Jawbreaker
17;Aerosmith
20;ovlov
29;Muse
20;The Smile
07;Minushuman
20;Stella Donnelly
04;Sólstafir
20;The Thermals
33;Iced Earth
24;Klone
07;Eternal Tears of Sorrow
33;Angra
33;Evergrey
01;Herrschaft
08;Samael
07;Mors Principium Est
07;Korpiklaani
07;Kalmah
07;Eluveitie
35;Agnostic Front
01;Unearth
17;Ozzy Osbourne
17;Skid Row
08;Candlemass
17;ZZ Top
39;Flying Colors
07;Black Sun Aeon
19;Current 93
38;Jordan Rudess
13;Bon Jovi
48;Soulfly
15;Audioslave
07;Cruachan
24;Septicflesh
24;Hacride
24;Protest the Hero
04;Belphegor
01;Black Tide
29;Billy Idol
01;Lamb of God
07;Blood Stain Child
17;Def Leppard
38;KBB
01;Demon Hunter
06;Roberto Cacciapaglia
33;Rhapsody of Fire
48;Sepultura
20;Therapy_
07;Raunchy
08;My Dying Bride
33;Sabaton
07;In Extremo
07;Misanthrope
07;Týr
48;Nevermore
04;Dimmu Borgir
38;A.C.T
17;Alice Cooper
