CHVRCHES - Leave a Trace;/home/david/nfs/WDC14/Musique/CHVRCHΞS/Every Open Eye/02 Leave a Trace.mp3
Imagine Dragons - Radioactive;/tmp/MISSING
Francesco Bearzatti - Long Train Running;/home/david/nfs/WDC14/Musique/Francesco Bearzatti Tinissima 4et/This Machine Kills Fascists/04 Long Train Running.flac
...And You Will Know Us by the Trail of Dead - Relative Ways;/home/david/nfs/WDC14/Musique/…And You Will Know Us by the Trail of Dead/Source Tags & Codes/09 Relative Ways.mp3
A.A.L. - Some Kind Of Game;/home/david/nfs/WDC14/Musique/A.A.L_/2012-2017/03 Some Kind of Game.mp3
A.A.L. - This Old House Is All I Have;/home/david/nfs/WDC14/Musique/A.A.L_/2012-2017/01 This Old House Is All I Have.mp3
Air - Playground Love;/home/david/nfs/WDC14/Musique/Air/The Virgin Suicides/01 Playground Love.mp3
Alcest - Souvenirs d'un autre monde;/home/david/nfs/WDC14/Musique/Alcest/Souvenirs d’un autre monde/02 Souvenirs d’un autre monde.mp3
Alex G - Bug;/home/david/DUPLICATE
Alex Guilbert Trio - New Slang;/tmp/MISSING
Ali Farka Touré and Ry Cooder - Soukora;/home/david/nfs/WDC14/Musique/Ali Farka Touré with Ry Cooder/Talking Timbuktu/02 Soukora.mp3
Anathema - Untouchable Part 1;/home/david/nfs/WDC14/Musique/Anathema/Weather Systems/01 Untouchable, Part 1.mp3
Anathema - Untouchable Part 2;/home/david/nfs/WDC14/Musique/Anathema/Weather Systems/02 Untouchable, Part 2.mp3
Ariel Pink's Haunted Graffiti - Round and Round;/home/david/nfs/WDC14/Musique/Ariel Pink’s Haunted Graffiti/Before Today/05 Round and Round.mp3
At the Drive-In - Arcarsenal;/home/david/nfs/WDC14/Musique/At the Drive‐In/Relationship of Command/01 Arcarsenal.mp3
At the Drive-In - Invalid Litter Dept.;/home/david/nfs/WDC14/Musique/At the Drive‐In/Relationship of Command/05 Invalid Litter Dept_.mp3
At the Drive-In - One Armed Scissor;/home/david/nfs/WDC14/Musique/At the Drive‐In/Relationship of Command/03 One Armed Scissor.mp3
At the Drive-In - Pattern Against User;/home/david/nfs/WDC14/Musique/At the Drive‐In/Relationship of Command/02 Pattern Against User.mp3
Bill Evans - Autumn Leaves;/home/david/nfs/WDC14/Musique/Bill Evans Trio/Portrait in Jazz/02 Autumn Leaves.mp3
Bill Evans - My Foolish Heart;/home/david/nfs/WDC14/Musique/Bill Evans Trio/Waltz for Debby/01 My Foolish Heart.mp3
Bill Evans - Peri's Scope;/home/david/nfs/WDC14/Musique/Bill Evans Trio/Portrait in Jazz/05 Peri’s Scope.mp3
Bill Withers - Ain't No Sunshine;/home/david/nfs/WDC14/Musique/Bill Withers/Just As I Am/02 Ain’t No Sunshine.mp3
Bill Withers - Grandma's Hands;/home/david/nfs/WDC14/Musique/Bill Withers/Just As I Am/03 Grandma’s Hands.mp3
Bob Dylan - I Want You;/home/david/nfs/WDC14/Musique/Bob Dylan/Blonde on Blonde/05 I Want You.mp3
Brad Mehldau - Aquelas Coisas Todas;/home/david/nfs/WDC14/Musique/Brad Mehldau Trio/Where Do You Start/10 Aquelas Coisas Todas.flac
Brad Mehldau - Everything in Its Right Place;/home/david/nfs/WDC14/Musique/Brad Mehldau Trio/Anything Goes/08 Everything in Its Right Place.mp3
Brad Mehldau - Got Me Wrong;/home/david/nfs/WDC14/Musique/Brad Mehldau Trio/Where Do You Start/01 Got Me Wrong.flac
Brad Mehldau - I Concentrate on You;/home/david/nfs/WDC14/Musique/Brad Mehldau Trio/Blues and Ballads/02 I Concentrate on You.mp3
Brad Mehldau - Waltz for J. B.;/home/david/nfs/WDC14/Musique/Brad Mehldau/10 Years Solo Live/09 Waltz for J.B_.flac
Breakbot - Baby I'm Yours (Feat. Irfane);/home/david/nfs/WDC14/Musique/Breakbot/By Your Side/10 Baby I'm Yours.mp3
Buffalo Springfield - For What It's Worth;/home/david/nfs/WDC14/Musique/Buffalo Springfield/Buffalo Springfield/01 For What It’s Worth.mp3
CHVRCHES - The Mother We Share;/home/david/nfs/WDC14/Musique/CHVRCHΞS/The Bones of What You Believe/01 The Mother We Share.mp3
Cannonball Adderley - Mercy, Mercy, Mercy;/home/david/nfs/WDC14/Musique/The Cannonball Adderley Quintet/Mercy, Mercy, Mercy! Live at “The Club”/03 Mercy, Mercy, Mercy.mp3
Chet Atkins - Mr Sandman;/home/david/nfs/WDC14/Musique/Chet Atkins/The Magic of Chet Atkins/03 Mr. Sandman.mp3
Chris Thile & Brad Mehldau - Don't Think Twice It's Alright;/home/david/nfs/WDC14/Musique/Chris Thile & Brad Mehldau/Chris Thile & Brad Mehldau/10 Don’t Think Twice, It’s Alright.flac
Chris Thile - Independence Day;/home/david/nfs/WDC14/Musique/Chris Thile & Brad Mehldau/Chris Thile & Brad Mehldau/05 Independence Day.flac
D'Angelo - Feel Like Makin’ Love;/home/david/nfs/WDC14/Musique/D’Angelo/Voodoo/10 Feel Like Makin’ Love.mp3
D'Angelo - Untitled (How Does It Feel);/home/david/nfs/WDC14/Musique/D’Angelo/Voodoo/12 Untitled (How Does It Feel).mp3
Daft Punk - Lose Yourself to Dance (feat. Pharrell Williams);/home/david/nfs/WDC14/Musique/Daft Punk/Random Access Memories/06 Lose Yourself to Dance.mp3
Dave Brubeck - Blue Rondo à la Turk;/home/david/nfs/WDC14/Musique/The Dave Brubeck Quartet/Time Out/01 Blue Rondo a la Turk.mp3
Dave Brubeck - Tokyo Traffic;/home/david/nfs/WDC14/Musique/The Dave Brubeck Quartet/Jazz Impressions of Japan/01 Tokyo Traffic.mp3
David Bowie - Heroes;/home/david/nfs/WDC14/Musique/David Bowie/“Heroes”/03 “Heroes”.mp3
Dream Theater - One Last Time;/home/david/nfs/WDC14/Musique/Dream Theater/Metropolis, Pt. 2_ Scenes From a Memory/10 Act II_ Scene Seven_ II. One Last Time.mp3
Dustin O'Halloran - We Move Lightly;/home/david/nfs/WDC14/Musique/Dustin O’Halloran/Like Crazy/03 We Move Lightly.mp3
Eels - Susan's House;/home/david/nfs/WDC14/Musique/EELS/Beautiful Freak/02 Susan’s House.mp3
Faust - Picnic on a Frozen River, Deuxieme Tableux;/home/david/nfs/WDC14/Musique/Faust/Faust IV/05 Picnic on a Frozen River _ Deuxieme Tableux.mp3
Frank Ocean - Super Rich Kids;/home/david/nfs/WDC14/Musique/Frank Ocean/Channel Orange/07 Super Rich Kids.mp3
Gene Clark - Life's Greatest Fool;/home/david/nfs/WDC14/Musique/Gene Clark/No Other/01 Life’s Greatest Fool.mp3
Ghost Brigade - 22:22;/home/david/nfs/WDC14/Musique/Ghost Brigade/Isolation Songs/05 22_22 - Nihil.mp3
Gonzales - Bermuda Triangle;/home/david/nfs/WDC14/Musique/Chilly Gonzales/Solo Piano/04 Bermuda Triangle.flac
Gonzales - Dot;/home/david/nfs/WDC14/Musique/Chilly Gonzales/Solo Piano/05 Dot.flac
Gonzales - Gogol;/home/david/nfs/WDC14/Musique/Chilly Gonzales/Solo Piano/01 Gogol.flac
Gonzales - I Am Europe;/home/david/nfs/WDC14/Musique/Chilly Gonzales/Ivory Tower/02 I Am Europe.mp3
Gonzales - Kenaston;/home/david/nfs/WDC14/Musique/Chilly Gonzales/Solo Piano II/02 Kenaston.flac
Gonzales - Knight Moves;/home/david/nfs/WDC14/Musique/Chilly Gonzales/Ivory Tower/01 Knight Moves.mp3
Gonzales - Let's Ride;/home/david/nfs/WDC14/Musique/Chilly Gonzales/Soft Power/08 Let's Ride.mp3
Gonzales - Manifesto;/home/david/nfs/WDC14/Musique/Chilly Gonzales/Solo Piano/02 Manifesto.flac
Gonzales - Oregano;/home/david/nfs/WDC14/Musique/Chilly Gonzales/Solo Piano/13 Oregano.flac
Gonzales - Othello;/home/david/nfs/WDC14/Musique/Chilly Gonzales/Solo Piano II/10 Othello.flac
Gonzales - Overnight;/home/david/nfs/WDC14/Musique/Chilly Gonzales/Solo Piano/03 Overnight.flac
Gonzales - Paristocrats;/home/david/nfs/WDC14/Musique/Chilly Gonzales/Solo Piano/09 Paristocrats.flac
Gonzales - Rideaux Lunaires;/home/david/nfs/WDC14/Musique/Chilly Gonzales/Solo Piano II/05 Rideaux Lunaires.flac
Gonzales - Slow Down;/home/david/nfs/WDC14/Musique/Chilly Gonzales/Soft Power/02 Slow Down.mp3
Gonzales - Smothered Mate;/home/david/nfs/WDC14/Musique/Chilly Gonzales/Ivory Tower/04 Smothered Mate.mp3
Gonzales - Train of Thought;/home/david/nfs/WDC14/Musique/Chilly Gonzales/Solo Piano II/11 Train of Thought.flac
Gonzales - White Keys;/home/david/nfs/WDC14/Musique/Chilly Gonzales/Solo Piano II/01 White Keys.flac
Gonzales - You Can Dance;/home/david/nfs/WDC14/Musique/Chilly Gonzales/Ivory Tower/09 You Can Dance.mp3
Guns N' Roses - Civil War;/home/david/nfs/WDC14/Musique/Guns N’ Roses/Use Your Illusion II/01 Civil War.mp3
Guns N' Roses - Knockin' on Heaven's Door;/home/david/nfs/WDC14/Musique/Guns N’ Roses/Use Your Illusion II/04 Knockin' on Heaven's Door.mp3
Guns N' Roses - November Rain;/home/david/nfs/WDC14/Musique/Guns N’ Roses/Use Your Illusion I/10 November Rain.mp3
Guns N' Roses - Paradise City;/home/david/nfs/WDC14/Musique/Guns N’ Roses/Appetite for Destruction/06 Paradise City.mp3
Guns N' Roses - Sweet Child o' Mine;/home/david/nfs/WDC14/Musique/Guns N’ Roses/Appetite for Destruction/09 Sweet Child o' Mine.mp3
Guns N' Roses - Welcome to the Jungle;/home/david/nfs/WDC14/Musique/Guns N’ Roses/Appetite for Destruction/01 Welcome to the Jungle.mp3
Hiromi - Seeker;/home/david/nfs/WDC14/Musique/上原ひろみ ザ・トリオ・プロジェクト/Alive/04 Seeker.mp3
IAM - Demain, c'est loin;/home/david/nfs/WDC14/Musique/IAM/L’École du micro d’argent/16 Demain, c’est loin.mp3
Janelle Monáe - Can't Live Without Your Love;/home/david/nfs/WDC14/Musique/Janelle Monáe/The Electric Lady/16 Can’t Live Without Your Love.mp3
Janelle Monáe - Dance or Die;/home/david/nfs/WDC14/Musique/Janelle Monáe/The ArchAndroid/02 Dance or Die.mp3
Janelle Monáe - Electric Lady;/home/david/nfs/WDC14/Musique/Janelle Monáe/The Electric Lady/04 Electric Lady.mp3
Janelle Monáe - Primetime;/home/david/nfs/WDC14/Musique/Janelle Monáe/The Electric Lady/06 Primetime.mp3
Janelle Monáe - Q.U.E.E.N.;/home/david/nfs/WDC14/Musique/Janelle Monáe/The Electric Lady/03 Q.U.E.E.N_.mp3
Janelle Monáe - Tightrope;/home/david/nfs/WDC14/Musique/Janelle Monáe/The ArchAndroid/07 Tightrope.mp3
Japandroids - Fire's Highway;/home/david/nfs/WDC14/Musique/Japandroids/Celebration Rock/02 Fire’s Highway.mp3
Jim O'Rourke - All Downhill From Here;/home/david/nfs/WDC14/Musique/Jim O’Rourke/Insignificance/01 All Downhill From Here.flac
Jim O'Rourke - Ghost Ship in a Storm;/home/david/nfs/WDC14/Musique/Jim O’Rourke/Eureka/02 Ghost Ship in a Storm.flac
Jim O'Rourke - Happy Trails;/home/david/nfs/WDC14/Musique/Jim O’Rourke/Bad Timing/04 Happy Trails.flac
Jim O'Rourke - The Workplace;/home/david/nfs/WDC14/Musique/Jim O’Rourke/Halfway to a Threeway/03 The Workplace.flac
Jimi Hendrix - Little Wing;/home/david/nfs/WDC14/Musique/The Jimi Hendrix Experience/Axis_ Bold as Love/06 Little Wing.mp3
Joshua Redman - Always August;/home/david/nfs/WDC14/Musique/Joshua Redman & Brad Mehldau/Nearness/02 Always August.flac
Keith Jarrett - God Bless The Child;/home/david/nfs/WDC14/Musique/Keith Jarrett Trio/Standards, Volume 1/05 God Bless the Child.flac
Keith Jarrett - Part II c;/home/david/nfs/WDC14/Musique/Keith Jarrett/The Köln Concert/04 Köln, January 24, 1975, Part IIc.flac
Killing Joke - Millenium;/home/david/nfs/WDC14/Musique/Killing Joke/Pandemonium/03 Millennium.mp3
King Crimson - Epitaph;/home/david/nfs/WDC14/Musique/King Crimson/In the Court of the Crimson King/03 Epitaph (including March for No Reason and Tomorrow and Tomorrow).mp3
King Crimson - Moonchild;/home/david/nfs/WDC14/Musique/King Crimson/In the Court of the Crimson King/04 Moonchild (including The Dream and The Illusion).mp3
King Crimson - The Court of the Crimson King;/home/david/nfs/WDC14/Musique/King Crimson/In the Court of the Crimson King/05 The Court of the Crimson King (including The Return of the Fire Witch and The Dance of the Puppets).mp3
Mai Yamane - THE REAL FOLK BLUES;/home/david/nfs/WDC14/Musique/シートベルツ/Cowboy Bebop_ Vitaminless/01 THE REAL FOLK BLUES.mp3
Milton Nascimento - Paisagem Da Janela;/home/david/nfs/WDC14/Musique/Milton Nascimento & Lô Borges/Clube da Esquina/12 Paisagem da janela.opus
Neil Young - Be the Rain;/home/david/nfs/WDC14/Musique/Neil Young & Crazy Horse/Greendale/10 Be the Rain.mp3
New York musicians - Slipper Sleaze;/home/david/nfs/WDC14/Musique/シートベルツ/Cowboy Bebop_ Cowgirl Ed/05 Slipper Sleaze.mp3
Nick Cave & the Bad Seeds - Where the Wild Roses Grow;/home/david/nfs/WDC14/Musique/Nick Cave & The Bad Seeds/Murder Ballads/05 Where the Wild Roses Grow.mp3
Nik Bärtsch's Ronin - Modul 36;/home/david/nfs/WDC14/Musique/Nik Bärtsch’s Ronin/Awase/04 Modul 36.mp3
Oscar Peterson - Hymn to Freedom;/home/david/nfs/WDC14/Musique/The Oscar Peterson Trio/Night Train/11 Hymn to Freedom.mp3
Oscar Peterson Trio - Hymn to Freedom;/tmp/DUPLICATE
Oscar Peterson Trio - The Work Song;/home/david/nfs/WDC14/Musique/The Oscar Peterson Trio with Milt Jackson/Very Tall/03 The Work Song.mp3
Peter Gabriel & Kate Bush - Don’t Give Up;/home/david/nfs/WDC14/Musique/Peter Gabriel/So/03 Don’t Give Up.mp3
Peter Gabriel - Don't Give Up;/tmp/DUPLICATE
Pink Floyd - Atom Heart Mother;/home/david/nfs/WDC14/Musique/Pink Floyd/Atom Heart Mother/01 Atom Heart Mother_ a) Father’s Shout _ b) Breast Milky _ c) Mother Fore _ d) Funky Dung _ e) Mind Your Throats Please _ f) Remergence.mp3
Pink Floyd - Summer '68;/home/david/nfs/WDC14/Musique/Pink Floyd/Atom Heart Mother/03 Summer ’68.mp3
Portsmouth Sinfonia - (I Can't Get No) Satisfaction;/home/david/nfs/WDC14/Musique/The Portsmouth Sinfonia/20 Classic Rock Classics/19 (I Can't Get No) Satisfaction.mp3
Public Image Ltd. - Rise;/home/david/nfs/WDC14/Musique/Public Image Limited/Compact Disc/02 Rise.mp3
Queen - You're My Best Friend;/home/david/nfs/WDC14/Musique/Queen/A Night at the Opera/04 You’re My Best Friend.mp3
Robert Glasper Experiment - I Stand Alone;/home/david/nfs/WDC14/Musique/Robert Glasper Experiment/Black Radio 2/02 I Stand Alone.mp3
Roy Hargrove - Strasbourg / St. Denis;/home/david/nfs/WDC14/Musique/Roy Hargrove Quintet/Earfood/03 Strasbourg _ St. Denis.mp3
Shai Maestro Trio - Angelo;/home/david/nfs/WDC14/Musique/Shai Maestro/Shai Maestro Trio/06 Angelo.flac
Shai Maestro Trio - Braves Ones;/home/david/nfs/WDC14/Musique/Shai Maestro/Shai Maestro Trio/03 Brave Ones.flac
Sinéad O'Connor - Nothing Compares 2 U;/home/david/nfs/WDC14/Musique/Sinéad O’Connor/I Do Not Want What I Haven't Got/06 Nothing Compares 2 U.mp3
Sleater-Kinney - Get Up;/home/david/nfs/WDC14/Musique/Sleater‐Kinney/The Hot Rock/08 Get Up.opus
Sleater-Kinney - Jumpers;/home/david/nfs/WDC14/Musique/Sleater‐Kinney/The Woods/04 Jumpers.opus
Sleater-Kinney - Modern Girl;/home/david/nfs/WDC14/Musique/Sleater‐Kinney/The Woods/05 Modern Girl.opus
Sleater-Kinney - Oh!;/home/david/nfs/WDC14/Musique/Sleater‐Kinney/One Beat/03 Oh!.opus
Sleater-Kinney - The Fox;/home/david/nfs/WDC14/Musique/Sleater‐Kinney/The Woods/01 The Fox.opus
Sven Libaek - Open Sea Theme;/tmp/MISSING
Sven Libaek - Shark Attack Theme;/tmp/MISSING
The Animals - The House of the Rising Sun;/home/david/nfs/WDC14/Musique/The Animals/The Complete Animals/08 House of the Rising Sun.mp3
The Beach Boys - I Know There's an Answer;/home/david/nfs/WDC14/Musique/The Beach Boys/Pet Sounds/09 I Know There’s an Answer.mp3
The Go-Betweens - Love Goes On!;/home/david/nfs/WDC14/Musique/The Go‐Betweens/16 Lovers Lane/01 Love Goes On!.mp3
The Go-Betweens - Love Is a Sign;/home/david/nfs/WDC14/Musique/The Go‐Betweens/16 Lovers Lane/03 Love Is a Sign.mp3
The Go-Betweens - Spring Rain;/home/david/nfs/WDC14/Musique/The Go‐Betweens/Liberty Belle and the Black Diamond Express/01 Spring Rain.mp3
The Go-Betweens - Streets of Your Town;/home/david/nfs/WDC14/Musique/The Go‐Betweens/16 Lovers Lane/06 Streets of Your Town.mp3
The Pogues - Fairytale of New York;/home/david/nfs/WDC14/Musique/The Pogues/If I Should Fall From Grace With God/04 Fairytale of New York.mp3
The Replacements - Can't Hardly Wait;/home/david/nfs/WDC14/Musique/The Replacements/Pleased to Meet Me/11 Can’t Hardly Wait.flac
Tom Waits - I Hope That I Don't Fall in Love With You;/home/david/nfs/WDC14/Musique/Tom Waits/Closing Time/02 I Hope That I Don’t Fall in Love With You.mp3
Van Larkins - Honey;/tmp/MISSING
Vince Guaraldi Trio - Skating;/home/david/nfs/WDC14/Musique/Vince Guaraldi/A Charlie Brown Christmas/07 Skating.flac
Weezer - Say It Ain't So;/home/david/nfs/WDC14/Musique/Weezer/Weezer Blue/07 Say It Ain’t So.mp3
World's End Girlfriend - Les Enfants du Paradis;/home/david/nfs/WDC14/Musique/world’s end girlfriend/SEVEN IDIOTS/02 Les Enfants du Paradis.mp3
XTC - I Can't Own Her;/home/david/nfs/WDC14/Musique/XTC/Apple Venus, Volume 1/09 I Can’t Own Her.mp3
XTC - I'd Like That;/home/david/nfs/WDC14/Musique/XTC/Apple Venus, Volume 1/02 I’d Like That.mp3
XTC - It's Nearly Africa;/home/david/nfs/WDC14/Musique/XTC/English Settlement/10 It’s Nearly Africa.mp3
XTC - Love On A Farmboy's Wages;/home/david/nfs/WDC14/Musique/XTC/Mummer/03 Love on a Farmboy’s Wages.mp3
XTC - That's Really Super, Supergirl;/home/david/nfs/WDC14/Musique/XTC/Skylarking/04 That’s Really Super, Supergirl.mp3
XTC - The Mayor Of Simpleton;/home/david/nfs/WDC14/Musique/XTC/Oranges & Lemons/02 Mayor of Simpleton.mp3
Yes - I've Seen All Good People;/home/david/nfs/WDC14/Musique/Yes/The Yes Album/04 I’ve Seen All Good People_ a. Your Move b. All Good People.flac
Youn Sun Nah - Hurt;/home/david/nfs/WDC14/Musique/나윤선/Lento/03 Hurt.mp3
Ólafur Arnalds - Tomorrow's Song;/home/david/nfs/WDC14/Musique/Ólafur Arnalds/Living Room Songs/04 Tomorrow’s Song.flac
Bonobo - Nightlite (feat. Bajka);/home/david/nfs/WDC14/Musique/Bonobo/Days to Come/06 Nightlite.flac
Bonobo - Between the Lines (feat. Bajka);/home/david/nfs/WDC14/Musique/Bonobo/Days to Come/03 Between the Lines.flac
Ali Farka Touré and Ry Cooder - Ai Du;/home/david/nfs/WDC14/Musique/Ali Farka Touré with Ry Cooder/Talking Timbuktu/09 Ai Du.mp3
Gonzales - Nero's Nocturne;/home/david/nfs/WDC14/Musique/Chilly Gonzales/Solo Piano II/06 Nero's Nocturne.flac
Isis - 20 Minutes/40 Years;/home/david/nfs/WDC14/Musique/Isis/Wavering Radiant/06 20 Minutes _ 40 Years.mp3
Jimi Hendrix - All Along the Watchtower;/home/david/nfs/WDC14/Musique/The Jimi Hendrix Experience/Electric Ladyland/15 All Along the Watchtower.mp3
Ariel Pink's Haunted Graffiti - Can't Hear My Eyes;/home/david/nfs/WDC14/Musique/Ariel Pink’s Haunted Graffiti/Before Today/09 Can’t Hear My Eyes.mp3
Bonobo - Days to Come (feat. Bajka);/home/david/nfs/WDC14/Musique/Bonobo/Days to Come/02 Days to Come.flac
Gonzales - Evolving Doors;/home/david/nfs/WDC14/Musique/Chilly Gonzales/Solo Piano II/08 Evolving Doors.flac
Air - Ce Matin-là;/home/david/nfs/WDC14/Musique/Air/Moon Safari/08 Ce matin là.mp3
Alcest - Sur l'autre rive je t'attendrai;/home/david/nfs/WDC14/Musique/Alcest/Souvenirs d’un autre monde/05 Sur l’autre rive je t’attendrai.mp3
Placebo - Without You I'm Nothing;/home/david/nfs/WDC14/Musique/Placebo/Without You I’m Nothing/05 Without You I’m Nothing.mp3
Gonzales - Escher;/home/david/nfs/WDC14/Musique/Chilly Gonzales/Solo Piano II/04 Escher.flac
Gonzales - Minor Fantasy;/home/david/nfs/WDC14/Musique/Chilly Gonzales/Solo Piano II/03 Minor Fantasy.flac
Gonzales - Armellodie;/home/david/nfs/WDC14/Musique/Chilly Gonzales/Solo Piano/06 Armellodie.flac
Ariel Pink's Haunted Graffiti - Menopause Man;/home/david/nfs/WDC14/Musique/Ariel Pink’s Haunted Graffiti/Before Today/11 Menopause Man.mp3
...And You Will Know Us by the Trail of Dead - Another Morning Stoner;/home/david/nfs/WDC14/Musique/…And You Will Know Us by the Trail of Dead/Source Tags & Codes/02 Another Morning Stoner.mp3
...And You Will Know Us by the Trail of Dead - How Near How Far;/home/david/nfs/WDC14/Musique/…And You Will Know Us by the Trail of Dead/Source Tags & Codes/05 How Near How Far.mp3
...And You Will Know Us by the Trail of Dead - It Was There That I Saw You;/home/david/nfs/WDC14/Musique/…And You Will Know Us by the Trail of Dead/Source Tags & Codes/01 It Was There That I Saw You.mp3
...And You Will Know Us by the Trail of Dead - Source Tags & Codes;/home/david/nfs/WDC14/Musique/…And You Will Know Us by the Trail of Dead/Source Tags & Codes/11 Source Tags & Codes.mp3
Breakbot - Baby I'm Yours;/home/david/nfs/WDC14/Musique/Breakbot/By Your Side/10 Baby I'm Yours.mp3
Clifford Brown & Max Roach - Take the A´ Train;/home/david/nfs/WDC14/Musique/Clifford Brown & Max Roach/Study in Brown/09 Take the _A_´ Train.mp3
Daft Punk - Doin' It Right (feat. Panda Bear);/home/david/nfs/WDC14/Musique/Daft Punk/Random Access Memories/12 Doin’ It Right.mp3
Daft Punk - Get Lucky (feat. Pharrell Williams);/home/david/nfs/WDC14/Musique/Daft Punk/Random Access Memories/08 Get Lucky.mp3
Daft Punk - Instant Crush (feat. Julian Casablancas);/home/david/nfs/WDC14/Musique/Daft Punk/Random Access Memories/05 Instant Crush.mp3
Daniel Balavoine - La Vie Ne M'Apprend Rien;/home/david/nfs/WDC14/Musique/Daniel Balavoine/L’Essentiel/09 La vie ne m’apprend rien.mp3
Daniel Balavoine - Sauver l'amour;/home/david/nfs/WDC14/Musique/Daniel Balavoine/L’Essentiel/14 Sauver l’amour.mp3
Earth, Wind & Fire - Boogie Wonderland;/home/david/nfs/WDC14/Musique/Earth, Wind & Fire/I Am/05 Boogie Wonderland.mp3
Earth, Wind & Fire - Runnin';/home/david/nfs/WDC14/Musique/Earth, Wind & Fire/All ’n All/09 Runnin’.mp3
Elliott Smith - Happiness/The Gondola Man;/home/david/nfs/WDC14/Musique/Elliott Smith/Figure 8/12 Happiness _ The Gondola Man.mp3
Elliott Smith - L.A.;/home/david/nfs/WDC14/Musique/Elliott Smith/Figure 8/06 LA.mp3
Eminem - Stan;/home/david/nfs/WDC14/Musique/Eminem/The Marshall Mathers LP/03 Stan.mp3
Estelle - American Boy;/home/david/nfs/WDC14/Musique/Estelle/Shine/03 American Boy.mp3
General Elektriks - You Don't Listen;/home/david/nfs/WDC14/Musique/General Elektriks/Good City for Dreamers/03 You Don’t Listen.mp3
Genesis - Get 'em Out by Friday;/home/david/nfs/WDC14/Musique/Genesis/Foxtrot/03 Get ’Em Out by Friday.mp3
Genesis - Supper's Ready;/home/david/nfs/WDC14/Musique/Genesis/Foxtrot/06 Supper’s Ready.mp3
Gonzales - Siren Song;/home/david/nfs/WDC14/Musique/Chilly Gonzales/Ivory Tower/12 Siren Song.mp3
Gonzales - The Grudge;/home/david/nfs/WDC14/Musique/Chilly Gonzales/Ivory Tower/05 The Grudge.mp3
Gotye - Somebody That I Used to Know;/home/david/nfs/WDC14/Musique/Gotye/Making Mirrors/03 Somebody That I Used to Know.mp3
Helloween - I'm Alive;/home/david/nfs/WDC14/Musique/Helloween/Keeper of the Seven Keys, Part I/02 I’m Alive.mp3
IAM - L'Empire du côté obscur;/home/david/nfs/WDC14/Musique/IAM/L’École du micro d’argent/07 L’Empire du côté obscur.mp3
IAM - L'école du micro d'argent;/home/david/nfs/WDC14/Musique/IAM/L’École du micro d’argent/01 L’École du micro d’argent.mp3
Jacqueline Taïeb - 7 A.M.;/home/david/nfs/WDC14/Musique/Jacqueline Taïeb/The Complete Masterworks of the French Mademoiselle/01 7 heures du matin.mp3
Janelle Monáe - Make the Bus;/home/david/nfs/WDC14/Musique/Janelle Monáe/The ArchAndroid/14 Make the Bus.mp3
Jim O'Rourke - 94 the Long Way;/home/david/nfs/WDC14/Musique/Jim O’Rourke/Bad Timing/02 94 the Long Way.flac
Jim O'Rourke - Eureka;/home/david/nfs/WDC14/Musique/Jim O’Rourke/Eureka/07 Eureka.flac
Jim O'Rourke - Happy Holidays;/home/david/nfs/WDC14/Musique/Jim O’Rourke/Eureka/08 Happy Holidays.flac
Jim O'Rourke - Memory Lame;/home/david/nfs/WDC14/Musique/Jim O’Rourke/Insignificance/04 Memory Lame.flac
Jim O'Rourke - Please Patronize Our Sponsors;/home/david/nfs/WDC14/Musique/Jim O’Rourke/Eureka/05 Please Patronize Our Sponsors.flac
Jim O'Rourke - Prelude To 110 Or 220/Women Of The world;/home/david/nfs/WDC14/Musique/Jim O’Rourke/Eureka/01 Prelude to 110 or 220 _ Women of the World.flac
Journey - Don’t Stop Believin’;/home/david/nfs/WDC14/Musique/Journey/Escape/01 Don't Stop Believin'.mp3
Kanye West - Flashing Lights;/home/david/nfs/WDC14/Musique/Kanye West/Graduation/09 Flashing Lights.mp3
Kanye West - Gold Digger;/home/david/nfs/WDC14/Musique/Kanye West/Late Registration/04 Gold Digger.mp3
Kanye West - Heard 'Em Say;/home/david/nfs/WDC14/Musique/Kanye West/Late Registration/02 Heard 'em Say.mp3
Kanye West - Never Let Me Down;/home/david/nfs/WDC14/Musique/Kanye West/The College Dropout/08 Never Let Me Down.mp3
Kanye West - Runaway;/home/david/nfs/WDC14/Musique/Kanye West/My Beautiful Dark Twisted Fantasy/09 Runaway.mp3
Kanye West - Touch the Sky;/home/david/nfs/WDC14/Musique/Kanye West/Late Registration/03 Touch the Sky.mp3
Kraftwerk - Das Model;/home/david/nfs/WDC14/Musique/Kraftwerk/Die Mensch·Maschine/04 Das Modell.mp3
Kraftwerk - The Model;/home/david/nfs/WDC14/Musique/Kraftwerk/Die Mensch·Maschine/04 Das Modell.mp3
Kraftwerk - The Robots;/home/david/nfs/WDC14/Musique/Kraftwerk/Die Mensch·Maschine/01 Die Roboter.mp3
Maybeshewill - He Films the Clouds Pt. 2;/home/david/nfs/WDC14/Musique/Maybeshewill/Not for Want of Trying/08 He Films the Clouds, Part Two.mp3
Miles Davis - In a Silent Way/It's About That Time;/home/david/nfs/WDC14/Musique/Miles Davis/In a Silent Way/02 In a Silent Way _ It’s About That Time.mp3
Mobb Deep - Shook Ones Pt. II;/home/david/nfs/WDC14/Musique/Mobb Deep/The Infamous/15 Shook Ones, Pt. II.mp3
NOFX - Don't Call Me White;/home/david/nfs/WDC14/Musique/NOFX/Punk in Drublic/05 Don’t Call Me White.mp3
Nas - It Ain't Hard to Tell;/home/david/nfs/WDC14/Musique/Nas/Illmatic/10 It Ain’t Hard to Tell.mp3
Nas - Memory Lane (Sittin' in da Park);/home/david/nfs/WDC14/Musique/Nas/Illmatic/06 Memory Lane (Sittin’ in da Park).mp3
Neil Young - Cortez The Killer;/home/david/nfs/WDC14/Musique/Neil Young with Crazy Horse/Zuma/08 Cortez the Killer.mp3
Noname - Diddy Bop;/home/david/nfs/WDC14/Musique/Noname/Telefone/03 Diddy Bop.flac
Nujabes - Blessing It (Remix);/home/david/nfs/WDC14/Musique/Nujabes/Metaphorical Music/01 Blessing It (remix).opus
Nujabes - Ordinary Joe (feat. Terry Callier);/home/david/nfs/WDC14/Musique/Nujabes/Modal Soul/02 Ordinary Joe.opus
Oxmo Puccino - L'enfant Seul;/home/david/nfs/WDC14/Musique/Oxmo Puccino/Opéra Puccino/06 L’Enfant seul.mp3
Roseaux - Walking on the moon (feat. Aloe Blacc);/home/david/nfs/WDC14/Musique/Roseaux/Roseaux/03 Walking on the Moon.mp3
Sigur Rós - Untitled (Vaka);/home/david/nfs/WDC14/Musique/Sigur Rós/( )/01 [Vaka].mp3
Sigur Rós - Untitled (samskeyti);/home/david/nfs/WDC14/Musique/Sigur Rós/( )/03 [Samskeyti].mp3
Sigur Rós - untitled (njósnavélin);/home/david/nfs/WDC14/Musique/Sigur Rós/( )/04 [Njósnavélin].mp3
Sleater-Kinney - Dance Song ’97;/home/david/nfs/WDC14/Musique/Sleater‐Kinney/Dig Me Out/12 Dance Song ’97.opus
Sleater-Kinney - Dig Me Out;/home/david/nfs/WDC14/Musique/Sleater‐Kinney/Dig Me Out/01 Dig Me Out.opus
Sleater-Kinney - Little Babies;/home/david/nfs/WDC14/Musique/Sleater‐Kinney/Dig Me Out/08 Little Babies.opus
Sleater-Kinney - One Beat;/home/david/nfs/WDC14/Musique/Sleater‐Kinney/One Beat/01 One Beat.opus
Sleater-Kinney - One More Hour;/home/david/nfs/WDC14/Musique/Sleater‐Kinney/Dig Me Out/02 One More Hour.opus
Sleater-Kinney - Turn It On;/home/david/nfs/WDC14/Musique/Sleater‐Kinney/Dig Me Out/03 Turn It On.opus
The Beach Boys - Wouldn't It Be Nice;/home/david/nfs/WDC14/Musique/The Beach Boys/Pet Sounds/01 Wouldn’t It Be Nice.mp3
The Beatles - I Want You (She's So Heavy);/home/david/nfs/WDC14/Musique/The Beatles/Abbey Road/06 I Want You (She’s So Heavy).flac
The Beatles - Octopus's Garden;/home/david/nfs/WDC14/Musique/The Beatles/Abbey Road/05 Octopus’s Garden.flac
The Cure - Boys Don't Cry;/home/david/nfs/WDC14/Musique/The Cure/Boys Don’t Cry (new voice • club mix)/01 Boys Don’t Cry (extended 12″ dance version).mp3
The Cure - Inbetween Days;/home/david/nfs/WDC14/Musique/The Cure/The Head on the Door/01 In Between Days.mp3
The Dukes Of Stratosphear - 25 O'Clock;/home/david/nfs/WDC14/Musique/The Dukes of Stratosphear/25 O’Clock/01 25 O’Clock.mp3
The Go-Betweens - Quiet Heart;/home/david/nfs/WDC14/Musique/The Go‐Betweens/16 Lovers Lane/02 Quiet Heart.mp3
The Go-Betweens - The Wrong Road;/home/david/nfs/WDC14/Musique/The Go‐Betweens/Liberty Belle and the Black Diamond Express/03 The Wrong Road.mp3
The La's - There She Goes;/home/david/nfs/WDC14/Musique/The La’s/The La's/05 There She Goes.mp3
Weezer - Don't Let Go;/home/david/nfs/WDC14/Musique/Weezer/Weezer Green/01 Don’t Let Go.mp3
Wu-Tang Clan - C.R.E.A.M.;/home/david/nfs/WDC14/Musique/Wu‐Tang Clan/Enter the Wu‐Tang_ 36 Chambers/08 C.R.E.A.M_.mp3
Xiu Xiu - I Love The Valley OH!;/home/david/nfs/WDC14/Musique/Xiu Xiu/Fabulous Muscles/02 I Luv the Valley OH!.mp3
Yes - Ritual (Nous sommes du soleil);/home/david/nfs/WDC14/Musique/Yes/Tales From Topographic Oceans/04 Ritual_ Nous sommes du soleil.flac
Yusef Lateef - Love Theme from Spartacus;/home/david/nfs/WDC14/Musique/Yusef Lateef/Eastern Sounds/05 Love Theme From _Spartacus_.mp3
Yusef Lateef - Love Theme from The Robe;/home/david/nfs/WDC14/Musique/Yusef Lateef/Eastern Sounds/08 Love Theme From _The Robe_.mp3
坂本龍一 - Forbidden Colours;/home/david/nfs/WDC14/Musique/Ryuichi Sakamoto/Merry Christmas, Mr Lawrence/19 Forbidden Colours.mp3
Jerry Martin - Tarmack;/home/david/nfs/WDC14/Musique/Jerry Martin/Simcity 4 [3002]/10 Tarrmack.mp3
神聖かまってちゃん - 黒いたまご;/home/david/nfs/WDC14/Musique/Shinsei Kamattechan/つまんね/05 黒いたまご.mp3
Oscar Peterson Trio - C Jam Blues;/home/david/nfs/WDC14/Musique/The Oscar Peterson Trio/Night Train/02 C Jam Blues.mp3
Bob B. Soxx & The Blue Jeans - Here Comes Santa Claus;/home/david/nfs/WDC14/Musique/Compilations/A Christmas Gift for You From Phil Spector/12 Here Comes Santa Claus.mp3
Nick Cave & The Bad Seeds - Henry Lee;/home/david/nfs/WDC14/Musique/Nick Cave & The Bad Seeds/The Best Of/16 Henry Lee.mp3
Prefab Sprout - Moon Dog;/home/david/nfs/WDC14/Musique/Prefab Sprout/Jordan_ The Comeback/09 Moondog.mp3
The Brave Little Abacus - Please don’t cry, they stopped hours ago.;/home/david/nfs/WDC14/Musique/The Brave Little Abacus/Just Got Back From the Discomfort-We're Alright/02 Please Don't Cry, They Stopped Hours Ago_.mp3
Ahmad Jamal Trio - Patterns;/home/david/nfs/WDC14/Musique/The Ahmad Jamal Trio/The Awakening/03 Patterns.ogg
The Four Tops - Reach Out I'll Be There;/home/david/nfs/WDC14/Musique/Four Tops/Reach Out/01 Reach Out I'll Be There.mp3
Ahmad Jamal Trio - Wave;/home/david/nfs/WDC14/Musique/The Ahmad Jamal Trio/The Awakening/07 Wave.ogg
Ahmad Jamal Trio - I Love Music;/home/david/nfs/WDC14/Musique/The Ahmad Jamal Trio/The Awakening/02 I Love Music.ogg
Ahmad Jamal Trio - Dolphin Dance;/home/david/nfs/WDC14/Musique/The Ahmad Jamal Trio/The Awakening/04 Dolphin Dance.ogg
The Four Tops - I Can’t Help Myself (Sugar Pie Honey Bunch);/home/david/nfs/WDC14/Musique/Four Tops/Second Album/01 I Can’t Help Myself (Sugar Pie Honey Bunch).mp3
Ahmad Jamal Trio - Stolen Moments;/home/david/nfs/WDC14/Musique/The Ahmad Jamal Trio/The Awakening/06 Stolen Moments.ogg
Ahmad Jamal Trio - The Awakening;/home/david/nfs/WDC14/Musique/The Ahmad Jamal Trio/The Awakening/01 The Awakening.ogg
Joshua Redman - Old West;/home/david/nfs/WDC14/Musique/Joshua Redman & Brad Mehldau/Nearness/06 Old West.flac
Mahavishnu Orchestra - Meeting of the Spirits;/home/david/nfs/WDC14/Musique/Mahavishnu Orchestra/The Inner Mounting Flame/01 Meeting of the Spirits.mp3
blink-182 - What’s My Age Again?;/home/david/nfs/WDC14/Musique/blink‐182/Enema of the State/05 What’s My Age Again_.mp3
blink-182 - Dammit;/home/david/nfs/WDC14/Musique/blink‐182/Greatest Hits/03 Dammit.mp3
blink-182 - All the Small Things;/home/david/nfs/WDC14/Musique/blink‐182/Enema of the State/08 All the Small Things.mp3
blink-182 - Stay Together for the Kids;/home/david/nfs/WDC14/Musique/blink‐182/Take Off Your Pants and Jacket/07 Stay Together for the Kids.mp3
blink-182 - First Date;/home/david/nfs/WDC14/Musique/blink‐182/Take Off Your Pants and Jacket/03 First Date.mp3
blink-182 - Adam’s Song;/home/david/nfs/WDC14/Musique/blink‐182/Enema of the State/07 Adam’s Song.mp3
Nik Bärtsch's Ronin - Modul 8_9 III;/home/david/nfs/WDC14/Musique/Nik Bärtsch’s Ronin/Randori/04 Modul 8_9 III.mp3
Nik Bärtsch's Ronin - Modul 15;/home/david/nfs/WDC14/Musique/Nik Bärtsch’s Ronin/Randori/01 Modul 15.mp3
Kanye West - Slow Jamz;/home/david/nfs/WDC14/Musique/Kanye West/The College Dropout/12 Slow Jamz.mp3
Kero Kero Bonito - It's Bugsnax!;/tmp/MISSING
Kim Petras - I Don't Want It at All;/tmp/MISSING
Tina Brooks - True Blue;/tmp/MISSING
Tina Brooks - Good Old Soul;/tmp/MISSING
Wynton Kelly - There'll Never Be Another You;/tmp/MISSING
Brian Eno & David Byrne - Strange Overtones;/home/david/nfs/WDC14/Musique/David Byrne & Brian Eno/Everything That Happens Will Happen Today/07 Strange Overtones.mp3
Cornelius - Chapter 8;/home/david/nfs/WDC14/Musique/Cornelius/Fantasma/08 Chapter 8 - Seashore and Horizon -.mp3
(Sandy) Alex G - Southern Sky;/home/david/DUPLICATE
(Sandy) Alex G - Hope;/home/david/DUPLICATE
Nick Cave & the Bad Seeds - Henry Lee;/home/david/nfs/WDC14/Musique/Nick Cave & The Bad Seeds/Murder Ballads/03 Henry Lee.mp3
Nick Cave & the Bad Seeds - Where the Wild Roses Grow;/home/david/nfs/WDC14/Musique/Nick Cave & The Bad Seeds/Murder Ballads/05 Where the Wild Roses Grow.mp3
(Sandy) Alex G - Gretel;/home/david/DUPLICATE
Oscar Peterson Trio - Night Train;/home/david/nfs/WDC14/Musique/The Oscar Peterson Trio/Night Train/01 Night Train.mp3
Oscar Peterson Trio - Georgia on My Mind;/home/david/nfs/WDC14/Musique/The Oscar Peterson Trio/Night Train/03 Georgia on My Mind.mp3
Lou Reed - She's My Best Friend;/home/david/nfs/WDC14/Musique/Lou Reed/Coney Island Baby/03 She’s My Best Friend.mp3
Squid - Narrator;/home/david/nfs/WDC14/Musique/Squid/Bright Green Field/03 Narrator.mp3
Miles Davis - Pharaoh’s Dance;/home/david/nfs/WDC14/Musique/Miles Davis/Bitches Brew/01 Pharaoh’s Dance.mp3
John Coltrane - I’m Old Fashioned;/home/david/nfs/WDC14/Musique/John Coltrane/Blue Train/04 I’m Old Fashioned.mp3
Pavement - Shady Lane;/home/david/nfs/WDC14/Musique/Pavement/Brighten the Corners/02 Shady Lane _ J vs. S.mp3
John Coltrane - Moment’s Notice;/home/david/nfs/WDC14/Musique/John Coltrane/Blue Train/02 Moment’s Notice.mp3
Miles Davis - In a silent way / It’s about that time;/home/david/nfs/WDC14/Musique/Miles Davis/In a Silent Way/02 In a Silent Way _ It’s About That Time.mp3
Stardust - Music Sounds Better With You;/home/david/nfs/WDC14/Musique/Stardust/Music Sounds Better With You [Virgin]/01 Music Sounds Better With You (radio edit).flac
Breakbot - Remedy;/home/david/nfs/WDC14/Musique/Breakbot & Irfane/Remedy/01 Remedy.mp3
Semisonic - Closing Time;/tmp/MISSING
A.A.L. - Cityfade;/home/david/nfs/WDC14/Musique/A.A.L_/2012-2017/07 Cityfade.mp3
Nelly Furtado - Promiscuous;/home/david/nfs/WDC14/Musique/Nelly Furtado/Loose/03 Promiscuous.mp3
Foehn Trio - Wolves;/home/david/nfs/WDC14/Musique/Fœhn Trio/Highlines/01 Wolves.opus
Young Marble Giants - Brand;/home/david/nfs/WDC14/Musique/Young Marble Giants/Colossal Youth/14 Brand - New - Life.mp3
Rémi Panossian Trio - Wisteria Forever;/home/david/nfs/WDC14/Musique/Rémi Panossian trio/Sun Monkey Voltage/02 Wisteria Forever.opus
Brian Eno - I'll Come Running;/home/david/nfs/WDC14/Musique/Brian Eno/Another Green World/06 I’ll Come Running.mp3
Brian Eno - St Elmo's Fire;/home/david/nfs/WDC14/Musique/Brian Eno/Another Green World/03 St. Elmo’s Fire.mp3
Nik Bärtsch's Ronin - Modul 41_17;/home/david/nfs/WDC14/Musique/Nik Bärtsch’s Ronin/Holon/02 Modul 41_17.mp3
Men I Trust - Tailwhip (Album V);/home/david/nfs/WDC14/Musique/Men I Trust/Oncle Jazz/04 Tailwhip.mp3
Men I Trust - Billie Toppy;/tmp/MISSING
Men I Trust - Say Can You Hear (Album V);/home/david/nfs/WDC14/Musique/Men I Trust/Oncle Jazz/07 Say Can You Hear.mp3
Alex G - Harvey;/home/david/DUPLICATE
Symphony X - Serpent's Kiss;/home/david/nfs/WDC14/Musique/Symphony X/Paradise Lost/04 The Serpent's Kiss.mp3
boygenius - $20;/home/david/nfs/WDC14/Musique/boygenius/the record/02 $20.mp3
Hall & Oates - She’s Gone;/home/david/nfs/WDC14/Musique/Daryl Hall & John Oates/Abandoned Luncheonette/04 She’s Gone.opus
boygenius - Not Strong Enough;/home/david/nfs/WDC14/Musique/boygenius/the record/06 Not Strong Enough.mp3
Indigo De Souza - Take Off Ur Pants;/home/david/nfs/WDC14/Musique/Indigo De Souza/I Love My Mom/02 Take Off Ur Pants.mp3
Brian Eno & David Byrne - Help Me Somebody;/home/david/nfs/WDC14/Musique/Brian Eno + David Byrne/My Life in the Bush of Ghosts/04 Help Me Somebody.mp3
平沢進 - Town-0 Phase-5;/home/david/nfs/WDC14/Musique/平沢進/救済の技法/01 TOWN-0 PHASE-5.mp3
平沢進 - Moon Time;/home/david/nfs/WDC14/Musique/平沢進/救済の技法/02 MOON TIME.mp3
Kendrick Lamar - Money Trees;/home/david/nfs/WDC14/Musique/Kendrick Lamar/good kid, m.A.A.d city/05 Money Trees.mp3
Alex G - Kicker;/home/david/DUPLICATE
Kanye West - All Falls Down;/home/david/nfs/WDC14/Musique/Kanye West/The College Dropout/04 All Falls Down.mp3
Paul & Linda McCartney - Monkberry Moon Delight;/home/david/nfs/WDC14/Musique/Paul McCartney & Linda McCartney/Ram/08 Monkberry Moon Delight.mp3
Paul & Linda McCartney - Uncle Albert / Admiral Halsey;/home/david/nfs/WDC14/Musique/Paul McCartney & Linda McCartney/Ram/05 Uncle Albert _ Admiral Halsey.mp3
George Harrison - Isn’t It a Pity (Version One);/home/david/nfs/WDC14/Musique/George Harrison/All Things Must Pass/04 Isn’t It a Pity (version one).mp3
Paul & Linda McCartney - Heart of the Country;/home/david/nfs/WDC14/Musique/Paul McCartney & Linda McCartney/Ram/07 Heart of the Country.mp3
George Harrison - Wah‐Wah;/home/david/nfs/WDC14/Musique/George Harrison/All Things Must Pass/03 Wah‐Wah.mp3
Paul & Linda McCartney - The Back Seat of My Car;/home/david/nfs/WDC14/Musique/Paul McCartney & Linda McCartney/Ram/12 The Back Seat of My Car.mp3
Paul McCartney & Wings - Jet;/home/david/nfs/WDC14/Musique/Wings/Band on the Run/02 Jet.mp3
Paul McCartney & Wings - Live and Let Die;/home/david/nfs/WDC14/Musique/Wings/Live And Let Die _ I Lie Around/01 Live And Let Die.mp3
Paul McCartney & Wings - Band on the Run;/home/david/nfs/WDC14/Musique/Wings/Band on the Run/01 Band on the Run.mp3
Paul McCartney & Wings - Let Me Roll It;/home/david/nfs/WDC14/Musique/Wings/Band on the Run/05 Let Me Roll It.mp3
George Harrison - Isn't It a Pity (version two);/home/david/nfs/WDC14/Musique/George Harrison/All Things Must Pass/04 Isn’t It a Pity (version one).mp3
George Harrison - Isn't It a Pity (version one);/home/david/nfs/WDC14/Musique/George Harrison/All Things Must Pass/04 Isn’t It a Pity (version one).mp3
Paul & Linda McCartney - Another Day;/home/david/nfs/WDC14/Musique/Paul McCartney & Linda McCartney/Ram/13 Another Day.mp3
Paul & Linda McCartney - Uncle Albert/Admiral Halsey;/home/david/nfs/WDC14/Musique/Paul McCartney & Linda McCartney/Ram/05 Uncle Albert _ Admiral Halsey.mp3
Paul & Linda McCartney - Too Many People;/home/david/nfs/WDC14/Musique/Paul McCartney & Linda McCartney/Ram/01 Too Many People.mp3
Paul & Linda McCartney - Long Haired Lady;/home/david/nfs/WDC14/Musique/Paul McCartney & Linda McCartney/Ram/10 Long Haired Lady.mp3
Supercar - cream soda PREVIOUSLY UNRELEASED VERSION;/home/david/nfs/WDC14/Musique/Supercar/⚾⚾⚾ Change!! 10th Anniversary Edition/20 Cream Soda (Previously Unreleased Version).mp3
Lamp - ひろがるなみだ / HIROGARU-NAMIDA;/home/david/nfs/WDC14/Musique/Lamp/恋人へ/02 ひろがるなみだ _ HIROGARU-NAMIDA.opus
Jean-Philippe Goude - Market Diktat song;/tmp/MISSING
Frànçois & The Atlas Mountains - La vérité;/home/david/nfs/WDC14/Musique/François & the Atlas Mountains/Piano ombre/02 La Vérité.mp3
Frànçois & The Atlas Mountains - La Fille aux cheveux de soie;/home/david/nfs/WDC14/Musique/François & the Atlas Mountains/Piano ombre/04 La Fille aux cheveux de soie.mp3
Jeff Rosenstock - LIKED U BETTER;/home/david/nfs/WDC14/Musique/Jeff Rosenstock/HELLMODE/03 LIKED U BETTER.opus
The Smashing Pumpkins - Set the Ray to Jerry;/tmp/MISSING
NUJABES feat. CISE STAR & AKIN - Feather;/home/david/nfs/WDC14/Musique/Nujabes/Modal Soul/01 Feather.opus
LOST WEEKEND Western Swing band - in the shadow of the valley;/home/david/nfs/WDC14/Musique/Compilations/Fallout_ New Vegas/20 In the Shadow of the Valley.mp3
William Onyeabor - Body And Soul;/tmp/MISSING
Pastor T.L. Barrett and The Youth for Christ Choir - Nobody Knows;/home/david/nfs/WDC14/Musique/Pastor T.L. Barrett and The Youth for Christ Choir/Like a Ship... (Without a Sail)/05 Nobody Knows.mp3
Pastor T.L. Barrett and The Youth for Christ Choir - Like a Ship;/home/david/nfs/WDC14/Musique/Pastor T.L. Barrett and The Youth for Christ Choir/Like a Ship... (Without a Sail)/01 Like a Ship.mp3
Eddy Arnold - It's a Sin;/home/david/nfs/WDC14/Musique/Compilations/Fallout_ New Vegas/10 It’s a Sin.mp3
Guy Mitchell - Heartache by the Numbers;/home/david/nfs/WDC14/Musique/Compilations/Fallout_ New Vegas/16 Heartaches by the Numbers.mp3
Virginia Astley - Some Small Hope;/tmp/MISSING
Burt Bacharach - Something Big;/tmp/MISSING
Sven Libaek - Music for Eels (from Inner Space);/tmp/MISSING
Al Green - How Can You Mend a Broken Heart;/home/david/nfs/WDC14/Musique/Al Green/Let's Stay Together/07 How Can You Mend a Broken Heart_.mp3
The Avalanches - The Divine Chord;/home/david/nfs/WDC14/Musique/The Avalanches/We Will Always Love You/04 The Divine Chord.mp3
Fugazi - I'm So Tired;/tmp/MISSING
Radiohead - There, There;/home/david/nfs/WDC14/Musique/Radiohead/Hail to the Thief/09 There There. (The Boney King of Nowhere.).mp3
Radiohead - 2 + 2 = 5;/home/david/nfs/WDC14/Musique/Radiohead/Hail to the Thief/01 2 + 2 = 5 (The Lukewarm.).mp3
高橋幸宏 - Present;/home/david/nfs/WDC14/Musique/Yukihiro Takahashi/Saravah!/09 Present.opus
The Magnetic Fields - I Don't Believe You;/home/david/nfs/WDC14/Musique/The Magnetic Fields/i/02 I Don’t Believe You.mp3
The Magnetic Fields - I Don't Want to Get Over You;/home/david/nfs/WDC14/Musique/The Magnetic Fields/69 Love Songs/06 I Don’t Want to Get Over You.mp3
Paul & Linda McCartney - Ram On;/home/david/nfs/WDC14/Musique/Paul McCartney & Linda McCartney/Ram/03 Ram On.mp3
Paul & Linda McCartney - Dear Boy;/home/david/nfs/WDC14/Musique/Paul McCartney & Linda McCartney/Ram/04 Dear Boy.mp3
Robert Glasper - Afro Blue (feat. Erykah Badu);/home/david/nfs/WDC14/Musique/Robert Glasper/Black Radio/02 Afro Blue.mp3
The Magnetic Fields - Born on a Train;/home/david/nfs/WDC14/Musique/The Magnetic Fields/The Charm of the Highway Strip/03 Born on a Train.mp3
Ahmad Jamal Trio - That's All;/home/david/nfs/WDC14/Musique/Ahmad Jamal/Ahmad's Blues/13 That's All.mp3
Ahmad Jamal Trio - Stompin' At the Savoy;/home/david/nfs/WDC14/Musique/Ahmad Jamal/Ahmad's Blues/05 Stompin' at the Savoy.mp3
Bud Powell - Lush Life;/home/david/nfs/WDC14/Musique/Bud Powell Trio/Strictly Powell/07 Lush Life.flac
Ahmad Jamal - (Put Another Nickel in) Music! Music! Music!;/home/david/nfs/WDC14/Musique/Ahmad Jamal/Ahmad Jamal at the Pershing_ But Not for Me/04 (Put Another Nickel in) Music, Music, Music.opus
Cannonball Adderley - Del Sasser;/home/david/nfs/WDC14/Musique/The Cannonball Adderley Quintet feat. Nat Adderley/Them Dirty Blues/06 Del Sasser.opus
MF DOOM - Rapp Snitch Knishes;/home/david/nfs/WDC14/Musique/MF DOOM/MM..FOOD/13 Rapp Snitch Knishes.mp3
Frank Zappa - Bobby Brown;/home/david/nfs/WDC14/Musique/Frank Zappa/Sheik Yerbouti/09 Bobby Brown Goes Down.flac
Frank Zappa - Inca Roads;/home/david/nfs/WDC14/Musique/Frank Zappa & The Mothers of Invention/One Size Fits All/01 Inca Roads.flac
